<?xml version="1.0" encoding="UTF-8"?>
<thing:thing-descriptions bindingId="mideaac"
	xmlns:xsi="http://www.w3.org/2001/XMLSchema-instance"
	xmlns:thing="https://openhab.org/schemas/thing-description/v1.0.0"
	xsi:schemaLocation="https://openhab.org/schemas/thing-description/v1.0.0 https://openhab.org/schemas/thing-description-1.0.0.xsd">

	<!-- Sample Thing Type -->
	<thing-type id="ac">
		<label>Midea Air Conditioner</label>
		<description>Midea Air Conditioner with USB WIFI stick. There are 2 versions: v2 - without encryption, v3 - with
			encryption - Token and Key must be provided, it can be automatically obtained from Cloud.
		</description>

		<channels>
			<channel id="power" typeId="power"/>
			<channel id="targetTemperature" typeId="targetTemperature"/>
			<channel id="operationalMode" typeId="operationalMode"/>
			<channel id="fanSpeed" typeId="fanSpeed"/>
			<channel id="swingMode" typeId="swingMode"/>
			<channel id="ecoMode" typeId="ecoMode"/>
			<channel id="turboMode" typeId="turboMode"/>
			<channel id="indoorTemperature" typeId="indoorTemperature"/>
			<channel id="outdoorTemperature" typeId="outdoorTemperature"/>
			<channel id="sleepFunction" typeId="sleepFunction"/>

			<channel id="imodeResume" typeId="imodeResume"/>
			<channel id="timerMode" typeId="timerMode"/>
			<channel id="onTimer" typeId="onTimer"/>
			<channel id="offTimer" typeId="offTimer"/>
			<channel id="applianceError" typeId="applianceError"/>
			<channel id="cozySleep" typeId="cozySleep"/>
			<channel id="save" typeId="save"/>
			<channel id="lowFrequencyFan" typeId="lowFrequencyFan"/>
			<channel id="superFan" typeId="superFan"/>
			<channel id="feelOwn" typeId="feelOwn"/>
			<channel id="childSleepMode" typeId="childSleepMode"/>
			<channel id="exchangeAir" typeId="exchangeAir"/>
			<channel id="dryClean" typeId="dryClean"/>
			<channel id="auxHeat" typeId="auxHeat"/>
			<channel id="cleanUp" typeId="cleanUp"/>
			<channel id="tempUnit" typeId="tempUnit"/>
			<channel id="catchCold" typeId="catchCold"/>
			<channel id="nightLight" typeId="nightLight"/>
			<channel id="peakElec" typeId="peakElec"/>
			<channel id="naturalFan" typeId="naturalFan"/>
			<channel id="humidity" typeId="humidity"/>
			<channel id="screenDisplay" typeId="screenDisplay"/>
		</channels>

		<representation-property>ipAddress</representation-property>

		<config-description>
			<parameter name="ipAddress" type="text" required="true">
				<context>ipAddress</context>
				<label>IP Address</label>
				<description>IP Address of the device.</description>
			</parameter>
			<parameter name="ipPort" type="text" required="true">
				<context>ipPort</context>
				<label>IP Port</label>
				<description>IP port of the device (for V2: 6444).</description>
				<default>6444</default>
			</parameter>
			<parameter name="deviceId" type="text" required="true">
				<context>deviceId</context>
				<label>Device ID</label>
				<description>ID of the device. Leave 0 to do ID discovery.</description>
				<default>0</default>
			</parameter>
			<parameter name="cloud" type="text" required="false">
				<context>cloud</context>
				<label>Cloud Provider</label>
				<description>Cloud Provider name for email and password (recommended: MSmartHome).</description>
				<options>
					<option value=""></option>
					<option value="MSmartHome">MSmartHome</option>
					<option value="Midea Air">Midea Air</option>
					<option value="NetHome Plus">NetHome Plus</option>
				</options>
				<limitToOptions>true</limitToOptions>
				<default></default>
			</parameter>
			<parameter name="email" type="text" required="false">
				<context>email</context>
				<label>Email</label>
				<description>Email for cloud account chosen in Cloud Provider.</description>
				<default></default>
			</parameter>
			<parameter name="password" type="text" required="false">
				<context>password</context>
				<label>Password</label>
				<description>Password for cloud account chosen in Cloud Provider.</description>
				<default></default>
			</parameter>
			<parameter name="reauth" type="text" required="false">
				<context>reauth</context>
				<label>Re-authentication interval</label>
				<description>Re-authenticates and request new token in every given hour (never if is set 0).</description>
				<default>0</default>
			</parameter>
			<parameter name="token" type="text" required="false">
				<context>token</context>
				<label>Token</label>
				<description>Secret Token (length 128 HEX) used for secure connection authentication used with devices v3 (if not
					known, enter email and password for Cloud to retrieve it).</description>
				<default></default>
			</parameter>
			<parameter name="key" type="text" required="false">
				<context>key</context>
				<label>Key</label>
				<description>Secret Key (length 64 HEX) used for secure connection authentication used with devices v3 (if not
					known, enter email and password for Cloud to retrieve it).</description>
				<default></default>
			</parameter>
			<parameter name="pollingTime" type="decimal" required="true" min="10" unit="s">
				<context>pollingTime</context>
				<label>Polling time</label>
				<description>Polling time in seconds to update status. Minimum time is 10 seconds.</description>
				<default>10</default>
			</parameter>
			<parameter name="timeout" type="decimal" required="true" min="1" max="10" unit="s">
				<context>timeout</context>
				<label>Timeout</label>
				<description>Connecting timeout. Minimum time is 1 second, maximum 10 seconds (4 seconds default).</description>
				<default>4</default>
			</parameter>
			<parameter name="promptTone" type="boolean" required="true">
				<context>promptTone</context>
				<label>Prompt tone</label>
				<description>After sending a command device will play "ding" tone when command is received and executed.</description>
				<default>false</default>
			</parameter>
		</config-description>

	</thing-type>

	<channel-type id="power">
		<item-type>Switch</item-type>
		<label>Power</label>
		<description>Turn the AC on and off.</description>
		<category>Switch</category>
	</channel-type>
	<channel-type id="targetTemperature">
		<item-type>Number:Temperature</item-type>
		<label>Target temperature</label>
		<description>Target temperature.</description>
		<category>Temperature</category>
		<state readOnly="false" pattern="%d %unit%"/>
	</channel-type>
	<channel-type id="operationalMode">
		<item-type>String</item-type>
		<label>Operational mode</label>
		<description>Operational mode: AUTO, COOL, DRY, HEAT.</description>
		<state>
			<options>
				<!--<option value="OFF">OFF</option> -->
				<option value="AUTO">AUTO</option>
				<option value="COOL">COOL</option>
				<option value="DRY">DRY</option>
				<option value="HEAT">HEAT</option>
				<option value="FAN_ONLY">FAN ONLY</option>
			</options>
		</state>
	</channel-type>
	<channel-type id="fanSpeed">
		<item-type>String</item-type>
		<label>Fan speed</label>
		<description>Fan speed: LOW, MEDIUM, HIGH, FULL, AUTO.</description>
		<state>
			<options>
				<!--<option value="OFF">OFF</option> <option value="SILENT">SILENT</option> -->
				<option value="LOW">LOW</option>
				<option value="MEDIUM">MEDIUM</option>
				<option value="HIGH">HIGH</option>
				<option value="FULL">FULL</option>
				<option value="AUTO">AUTO</option>
			</options>
		</state>
	</channel-type>
	<channel-type id="swingMode">
		<item-type>String</item-type>
		<label>Swing mode</label>
		<description>Swing mode: OFF, VERTICAL, HORIZONTAL, BOTH. Getting and setting is supported for version 2. Version 3 is
			not supported in protocol in LAN and Cloud.</description>
		<state>
			<options>
				<option value="OFF">OFF</option>
				<option value="VERTICAL">VERTICAL</option>
				<option value="HORIZONTAL">HORIZONTAL</option>
				<option value="BOTH">BOTH</option>
			</options>
		</state>
	</channel-type>
	<channel-type id="ecoMode">
		<item-type>Switch</item-type>
		<label>Eco mode</label>
		<description>Eco mode, according to manual works only in COOL mode (temperature shall be set to 24C and fan on AUTO).</description>
		<category>Switch</category>
		<state readOnly="true"/>
	</channel-type>
	<channel-type id="turboMode">
		<item-type>Switch</item-type>
		<label>Turbo mode</label>
		<description>Turbo mode, "Boost" in Midea Air app, long press "+" on IR Remote Controller. Only works in COOL and HEAT
			mode.</description>
		<category>Switch</category>
	</channel-type>
	<channel-type id="indoorTemperature">
		<item-type>Number:Temperature</item-type>
		<label>Indoor temperature</label>
		<description>Indoor temperature measured in the room, where internal unit is installed.</description>
		<category>Temperature</category>
		<state readOnly="true" pattern="%.1f %unit%"/>
	</channel-type>
	<channel-type id="outdoorTemperature">
		<item-type>Number:Temperature</item-type>
		<label>Outdoor temperature</label>
		<description>Outdoor temperature measured outside, where external unit is installed.</description>
		<category>Temperature</category>
		<state readOnly="true" pattern="%.1f %unit%"/>
	</channel-type>
	<channel-type id="sleepFunction">
		<item-type>Switch</item-type>
		<label>Sleep function</label>
		<description>Sleep function ("Moon with a star" icon on IR Remote Controller).</description>
		<category>Switch</category>
		<state readOnly="true"/>
	</channel-type>
	<channel-type id="tempUnit">
		<item-type>Switch</item-type>
		<label>Temperature unit</label>
		<description>If set Farenheit unit are be displayed, otherwise Celsius.</description>
		<category>Switch</category>
	</channel-type>
	<channel-type id="screenDisplay" advanced="true">
		<item-type>Switch</item-type>
		<label>Screen display</label>
		<description>Turns on and off displaying white digits on a device. Can be set, but status is not returned.</description>
		<category>Switch</category>
	</channel-type>
	<channel-type id="imodeResume" advanced="true">
		<item-type>Switch</item-type>
		<label>Imode resume</label>
		<description>Imode resume.</description>
		<category>Switch</category>
		<state readOnly="true"/>
	</channel-type>
	<channel-type id="timerMode" advanced="true">
		<item-type>Switch</item-type>
		<label>Timer mode</label>
		<description>Timer mode.</description>
		<category>Switch</category>
		<state readOnly="true"/>
	</channel-type>
	<channel-type id="applianceError" advanced="true">
		<item-type>Switch</item-type>
		<label>Appliance error</label>
		<description>Appliance error.</description>
		<category>Switch</category>
		<state readOnly="true"/>
	</channel-type>
	<channel-type id="onTimer" advanced="true">
		<item-type>String</item-type>
		<label>ON Timer</label>
		<description>ON Timer (HH:MM) if set.</description>
		<state readOnly="true"/>
	</channel-type>
	<channel-type id="offTimer" advanced="true">
		<item-type>String</item-type>
		<label>OFF Timer</label>
		<description>OFF Timer (HH:MM) if set.</description>
		<state readOnly="true"/>
	</channel-type>
	<channel-type id="cozySleep" advanced="true">
		<item-type>Number</item-type>
		<label>Cozy sleep</label>
		<description>Cozy sleep.</description>
		<category>Number</category>
		<state readOnly="true"/>
	</channel-type>
	<channel-type id="save" advanced="true">
		<item-type>Switch</item-type>
		<label>Save</label>
		<description>Save.</description>
		<category>Switch</category>
		<state readOnly="true"/>
	</channel-type>
	<channel-type id="lowFrequencyFan" advanced="true">
		<item-type>Switch</item-type>
		<label>Low frequency fan</label>
		<description>Low frequency fan.</description>
		<category>Switch</category>
		<state readOnly="true"/>
	</channel-type>
	<channel-type id="superFan" advanced="true">
		<item-type>Switch</item-type>
		<label>Super fan</label>
		<description>Super fan.</description>
		<category>Switch</category>
		<state readOnly="true"/>
	</channel-type>
	<channel-type id="feelOwn" advanced="true">
		<item-type>Switch</item-type>
		<label>Feel own</label>
		<description>Feel own.</description>
		<category>Switch</category>
		<state readOnly="true"/>
	</channel-type>
	<channel-type id="childSleepMode" advanced="true">
		<item-type>Switch</item-type>
		<label>Child sleep mode</label>
		<description>Child sleep mode.</description>
		<category>Switch</category>
		<state readOnly="true"/>
	</channel-type>
	<channel-type id="exchangeAir" advanced="true">
		<item-type>Switch</item-type>
		<label>Exchange air</label>
		<description>Exchange air.</description>
		<category>Switch</category>
		<state readOnly="true"/>
	</channel-type>
	<channel-type id="dryClean" advanced="true">
		<item-type>Switch</item-type>
		<label>Dry clean</label>
		<description>Dry clean.</description>
		<category>Switch</category>
		<state readOnly="true"/>
	</channel-type>
	<channel-type id="auxHeat" advanced="true">
		<item-type>Switch</item-type>
		<label>Aux heat</label>
		<description>Aux heat.</description>
		<category>Switch</category>
		<state readOnly="true"/>
	</channel-type>
	<channel-type id="cleanUp" advanced="true">
		<item-type>Switch</item-type>
		<label>Clean up</label>
		<description>Clean up.</description>
		<category>Switch</category>
		<state readOnly="true"/>
	</channel-type>
	<channel-type id="catchCold" advanced="true">
		<item-type>Switch</item-type>
		<label>Catch cold</label>
		<description>Catch cold.</description>
		<category>Switch</category>
		<state readOnly="true"/>
	</channel-type>
	<channel-type id="nightLight" advanced="true">
		<item-type>Switch</item-type>
		<label>Night light</label>
		<description>Night light.</description>
		<category>Switch</category>
	</channel-type>
	<channel-type id="peakElec" advanced="true">
		<item-type>Switch</item-type>
		<label>Peak elec</label>
		<description>Peak elec.</description>
		<category>Switch</category>
		<state readOnly="true"/>
	</channel-type>
	<channel-type id="naturalFan" advanced="true">
		<item-type>Switch</item-type>
		<label>Natural fan</label>
		<description>Natural fan.</description>
		<category>Switch</category>
		<state readOnly="true"/>
	</channel-type>
	<channel-type id="humidity" advanced="true">
		<item-type>Number</item-type>
		<label>Humidity</label>
		<description>Humidity measured in the room.</description>
		<category>Humidity</category>
		<state readOnly="true" pattern="%d%%"/>
	</channel-type>
</thing:thing-descriptions>
